1.6278517229916298|1.2694747633041312|1.2097371925502063|1.1889278012323596|1.1719231229938873|1.137322472110731|1.1087828792937815|1.08188597742281|1.059165745565336|1.0280889163822888|1.0108361075457917|0.9978266850998413|0.9787208870665668|0.9707539326524082|0.9583839972813925|0.9531797165195691|0.9556379748261683|0.9601958157265023|0.9497914336043406|0.9624351252159572|0.9424408080915337|0.9465438497665266|0.9539955848972547|0.9383149903658863|0.9476505218575534|0.9517678294551971|0.9479019805176617|0.9691952162137315|0.9611594497341|0.954434659927403|0.9479678673286961|0.9378329689644244|0.9652617336952523|0.9589232527502051|0.9440536999811321|0.9597864167331016|0.95744655937909|0.9461811878909804|0.932265171177311|0.9430588369500147|0.9660517739378698|0.9462961774982818|0.9455562421720322|0.945926179080249|0.9333947069568721|0.9254516374030614|0.9263770112163945|0.9288249892186901|0.9270621391191874|0.935580314022221|0.9217308356881686|0.9335916684642774|0.9202540459698194|0.9333869583530513|0.929639251809142|0.9480609224267202|0.9268499776108624|0.9252176616834179|0.9192495536586466|0.9388094204201546|0.923821975651397|0.9410763614253911|0.9362776225015997|0.9374545926917089|0.9376162279686427|0.9423973097648795|0.9344977581337707|0.9418146038708621|0.9449614950511009|0.9327029234742465|0.9382583262169197|0.9329814469977601|0.9491912491245357|0.9377442358835647|0.9439294278349506,0.33333334|0.33333334|0.33333334|0.33333334|0.37899545|0.4155251|0.53881276|0.5479452|0.60730594|0.5981735|0.60730594|0.6347032|0.6210046|0.6392694|0.6347032|0.5890411|0.5936073|0.60273975|0.63013697|0.66210043|0.6438356|0.6347032|0.6210046|0.61187214|0.6210046|0.60730594|0.6438356|0.61187214|0.60273975|0.60730594|0.60730594|0.6210046|0.61187214|0.60730594|0.60730594|0.5981735|0.57990867|0.6255708|0.6210046|0.6164383|0.60273975|0.6210046|0.63013697|0.6210046|0.6255708|0.58447486|0.6392694|0.6347032|0.6347032|0.6392694|0.6164383|0.6347032|0.65296805|0.6164383|0.6392694|0.6164383|0.6164383|0.6210046|0.6347032|0.6255708|0.63013697|0.6255708|0.63013697|0.6164383|0.6392694|0.60730594|0.6164383|0.61187214|0.63013697|0.61187214|0.63013697|0.6392694|0.6210046|0.6347032|0.6210046,20.802985906600952
1.5558273569089638|1.2504042942230016|1.1777590703746499|1.1362907412933976|1.1017581213554835|1.0633788767470618|1.0241996398255162|0.9961917231616364|0.9773215207879402|0.9695258178667391|0.9616019197794945|0.9593336897897938|0.9416515903385807|0.9531513670263769|0.9325033752885583|0.9247203814928935|0.9238923102209012|0.9182330750983599|0.9194096827615886|0.9262397632206956|0.9096085137972548|0.9073726864165912|0.9013051747187087|0.9056646894646562|0.9190681383490018|0.9121981276769072|0.8923150856200963|0.9020222120633409|0.9124776767269117|0.9010803378335962|0.9097301998094881|0.8955303370680439|0.8867098016825985|0.9053813817838555|0.904017252464817|0.9081958205732581|0.9120172000911138|0.9086134656923547|0.8984977812527521|0.9092895902999459|0.9161217577381221|0.9113917176581953|0.911335584235518|0.9111265238017252|0.9260486925029319|0.9175722245212015|0.9057436092803467|0.9047261618043734|0.890248113026902|0.9022044596606738,0.33333334|0.33333334|0.34246576|0.5022831|0.56621003|0.5753425|0.56621003|0.5936073|0.57990867|0.58447486|0.60730594|0.63013697|0.6484018|0.6255708|0.5890411|0.58447486|0.6347032|0.65296805|0.6255708|0.63013697|0.63013697|0.60730594|0.6164383|0.6164383|0.63013697|0.6210046|0.6347032|0.6164383|0.6210046|0.63013697|0.61187214|0.6210046|0.65296805|0.63013697|0.6210046|0.6210046|0.6164383|0.63013697|0.6347032|0.60730594|0.6164383|0.6255708|0.61187214|0.6164383|0.5936073|0.5981735|0.60730594|0.5981735|0.6164383|0.6255708,13.711380958557129
1.7094968731544877|1.3250372698317925|1.2143718924152251|1.1589563731189187|1.1209862575139085|1.0752547402360124|1.0448557987605056|1.0154237763522422|1.0036972271252984|0.9876145265962435|0.9954355116848532|0.9960983218667714|0.9760942540756644|0.9698342988480172|0.9646233271246087|0.968813245699286|0.9571536316719229|0.9528312530691765|0.9393049696264746|0.9421201949794543|0.9619713640648481|0.9329221384710373|0.9342367121073754|0.9146193211481451|0.9066133379391884|0.9280383967917804|0.9176173270020855|0.9412787836980602|0.9350746826494121|0.9320973435493365|0.9368350494942165|0.9165924733087897|0.9204219405509565|0.9158295670600787|0.9176881694358233|0.9341105767036681|0.9344347367003628|0.9217950845962246|0.9405367935084861|0.9416595838929964|0.9178768581451346|0.9235804113623214|0.9489941493561279|0.924368955228971|0.9286673825625416|0.9402369032167408|0.9255141074254633|0.9351858782441649|0.9487179735479834|0.9365257264272263,0.33333334|0.33333334|0.33333334|0.34703195|0.39726028|0.5251142|0.5707763|0.58447486|0.56621003|0.5525114|0.543379|0.55707765|0.5525114|0.5890411|0.57990867|0.5707763|0.57990867|0.58447486|0.58447486|0.5890411|0.6164383|0.57990867|0.6347032|0.63013697|0.6347032|0.6438356|0.6255708|0.5981735|0.60273975|0.6210046|0.61187214|0.5707763|0.61187214|0.6210046|0.6347032|0.60730594|0.60273975|0.61187214|0.5890411|0.5707763|0.5753425|0.5890411|0.5890411|0.5707763|0.5936073|0.56621003|0.58447486|0.57990867|0.56164384|0.5707763,13.881891012191772
1.8297924875668738|1.4217278995470368|1.2559595429189674|1.2044650610179117|1.1859038763394638|1.1748061942183263|1.171142216142454|1.166856090227763|1.1657069959596955|1.1652305763061732|1.1647044970020313|1.1653114780443443|1.1648764049625833|1.165132038669499|1.1650595463574205|1.166616375043512|1.1656683476548217|1.1644918074890904|1.161397195842168|1.12486666413747|1.0477558886079483|1.0397627299234746|0.979246988144095|0.9898935779588952|0.9791335009004427|0.9635678725699856|0.9607935648530586|0.9761098710369301|0.9629509530655326|0.9553078423896336|0.9623121197365191|0.9620700171004691|0.9640489032823746|0.9691693733816278|0.9583794014638962|0.9561905419989808|0.9689360171148221|0.9544301724325032|0.9455851893446762|0.9499322725757616|0.94009514758576|0.9515001126075988|0.9657865419779739|0.9400556664488632|0.9493819698351159|0.9527189845908178|0.940391446901783|0.9437203869972055|0.9432060647772872|0.9517387358565309|0.9532485928165314|0.963009633430063|0.9563874849990078|0.9467564304125363|0.9441361280336772|0.949535783567385|0.9402985610918367|0.9585670123905896|0.9417373186921421|0.9481454124189403,0.3607306|0.47488585|0.4977169|0.33333334|0.33333334|0.33333334|0.33333334|0.33333334|0.33333334|0.33333334|0.33333334|0.33333334|0.33333334|0.33333334|0.33333334|0.33333334|0.33333334|0.33333334|0.4063927|0.4611872|0.56621003|0.60730594|0.56164384|0.6255708|0.6255708|0.6164383|0.6164383|0.6347032|0.6347032|0.6438356|0.6484018|0.6438356|0.6347032|0.6392694|0.6484018|0.6392694|0.6210046|0.6210046|0.6255708|0.6392694|0.5890411|0.63013697|0.60730594|0.63013697|0.60273975|0.61187214|0.6164383|0.543379|0.60730594|0.60730594|0.6164383|0.5936073|0.60730594|0.61187214|0.60730594|0.61187214|0.60273975|0.60730594|0.61187214|0.5890411,16.964643001556396
1.7964535151442436|1.3492367741179794|1.220131323762136|1.189227500462641|1.1450593542290606|1.1261539225164614|1.1079589612952105|1.082830598909561|1.0526453937025375|1.0428974492364822|0.9972908741807285|0.9895716758623515|0.9830392675312687|0.9705745253933075|0.969659052483023|0.9852095624627588|0.9800350589839291|0.9835960184602432|0.9653080157493348|0.9601621508053994|0.9522416455560623|0.959927057566708|0.9554145406914628|0.9927385952919041|0.9677364554035065|0.9615105989316827|0.969201943101404|0.9605796647398439|0.9761611244994212|0.9762416566343612|0.9633859668148163|0.9640786402846035|0.9570106877583892|0.9566724567108502|0.9719497771023615|0.9671107546923912|0.9489701980869519|0.9600735124387697|0.9572541006079548|0.9779795446352327|0.9702657591806699|0.9632929601625765|0.9734781283766167|0.9643977695404122|0.9567972535956396|0.9663374864891784|0.982071484604927|0.9774908262845043|0.9636133511861166|0.9606883340774606|0.9823790897517444|0.9613408873614655|0.9614032234775421|0.9669942267953533|0.959739607218738|0.9620623523241854|0.9514216195502782|0.9581001447216017|0.9560624192294465|0.9505534520432285|0.9615432143755699|0.9543491830564526|0.9509496122734732|0.9575917541164242|0.9637969318590208|0.9504119337421574|0.9525664495006544|0.9472778959361385|0.9443924699199798|0.9522631979424115|0.9613806232469811|0.9493443214730041|0.9530069789930021|0.9489037625865849|0.9522128322897436|0.9603941119424829|0.9474906289958518|0.9463049799339956|0.9634093329242376|0.9504926547612229|0.9615986886089796|0.9491089756630328|0.9597124427420908|0.9622897138334301|0.9500389436608581|0.9482179569871458|0.9444635915973959|0.9553113517151576|0.9506498776614394|0.9416060268062435|0.9653085720593526|0.96663401714743|0.9588206777833912|0.9536140057594265|0.958655884821121|0.9556251688090633|0.959936714607831|0.9575828079763613|0.9528699204257635|0.9457715717080522|0.9675046836948831|0.9511670799560199|0.9561368292325163|0.9527213644219316|0.9666506269751074,0.40182647|0.34703195|0.3652968|0.47488585|0.4611872|0.47945204|0.5296804|0.53424656|0.5936073|0.6164383|0.58447486|0.5936073|0.57990867|0.5753425|0.58447486|0.6164383|0.6164383|0.60730594|0.6255708|0.58447486|0.58447486|0.5753425|0.58447486|0.63013697|0.63013697|0.6255708|0.6255708|0.6210046|0.6484018|0.6392694|0.63013697|0.6164383|0.58447486|0.5707763|0.6438356|0.60730594|0.5707763|0.5936073|0.5936073|0.6484018|0.6484018|0.60730594|0.6484018|0.6438356|0.6438356|0.6392694|0.63013697|0.6347032|0.6484018|0.60730594|0.6438356|0.6438356|0.6392694|0.6438356|0.6347032|0.6392694|0.61187214|0.6438356|0.6484018|0.6164383|0.65296805|0.61187214|0.60730594|0.61187214|0.6438356|0.61187214|0.61187214|0.60273975|0.57990867|0.6255708|0.6438356|0.6438356|0.65296805|0.6164383|0.6438356|0.61187214|0.6347032|0.63013697|0.60730594|0.6255708|0.6347032|0.6255708|0.63013697|0.5936073|0.6210046|0.6255708|0.63013697|0.6164383|0.61187214|0.63013697|0.60273975|0.5890411|0.5936073|0.5981735|0.5936073|0.5936073|0.5890411|0.60273975|0.60730594|0.61187214|0.60273975|0.6438356|0.60730594|0.5981735|0.60730594,26.669809818267822
1.8273646869615876|1.3491517479561235|1.2044007598537287|1.1464313671469144|1.1005639512789305|1.0790216688696108|1.0294128122939368|0.9897894135348873|0.9660011252311811|0.982412858096432|0.9700273226385248|0.9452928631273034|0.9380415307876726|0.946304589101713|0.9544764234595102|0.9403059444471037|0.9324172686224115|0.9380054800477746|0.9402876417386478|0.9337562926828045|0.9369202139170747|0.9473852387301998|0.9360576595889923|0.9293384971139638|0.9328902437262339|0.9308387384022752|0.9271773785760958|0.9349091096555806|0.9354843652411683|0.9255791521507856|0.934532458923723|0.93812453202461|0.9412993971071287|0.9403164038375088|0.9500115772360536|0.9434860280659645|0.9356320481322128|0.9374494596159078|0.9306802444806382|0.9328208497670143|0.9280657588619076|0.9292279852035383|0.9305210108082044|0.9330205133516495|0.9451543680609089|0.9354970003371914|0.9350582573511829|0.943189979143883|0.9502282267836131|0.9540268890389568,0.3607306|0.33333334|0.35159817|0.4611872|0.4885845|0.5890411|0.61187214|0.60730594|0.63013697|0.6255708|0.6347032|0.6164383|0.63013697|0.6392694|0.61187214|0.61187214|0.60273975|0.61187214|0.60730594|0.6164383|0.60730594|0.6210046|0.6255708|0.60273975|0.6164383|0.6255708|0.60730594|0.61187214|0.6164383|0.6255708|0.6210046|0.6255708|0.60730594|0.6164383|0.61187214|0.6255708|0.6210046|0.6438356|0.6255708|0.63013697|0.6255708|0.6347032|0.63013697|0.6210046|0.61187214|0.6164383|0.6347032|0.63013697|0.57990867|0.5936073,13.79443097114563
1.5489094398881746|1.2657147776590634|1.1929239241499878|1.1543153350211715|1.1222947160947268|1.0922747175443117|1.0649735726177965|1.0287802943355961|1.0092906794047247|0.9942727246785272|0.9885965825215867|0.9704672043726325|0.9696151181443097|0.9702614796216085|0.9697932522046512|0.9487409684211696|0.946576714515686|0.9414929298505391|0.9464904989826081|0.9533095408792365|0.9583994879570181|0.9531481505528977|0.9457658670808626|0.9530161281698915|0.9493988001183288|0.9569183245097121|0.9530639762747778|0.9506807278280389|0.9466596019866804|0.9576383905323673|0.9469744533164316|0.9514176154245525|0.9395947505349982|0.9586864840494443|0.9556512576804314|0.9424236343331533|0.9608250638665674|0.951817335603444|0.9617025411292298|0.9473796304502443|0.9783441029727187|0.9445789829236731|0.9495071379561403|0.9401303600502885|0.942712342358071|0.9459755981349509|0.9527302991309666|0.9430203094874343|0.9531858658681721|0.9572598422499008|0.9508341088142569|0.9509839075341072|0.976135157559016|0.949007820865335|0.9457969404246709|0.9627411479819311|0.9597858778417927|0.9487007698511969|0.9432398962647948|0.9718429165888051|0.9484299432197117|0.9708533488452162|0.9519121418260548|0.947696280806032|0.9712563274113555|0.9516553138489048|0.9775991809966902|0.9525878913870686|0.9646780474545205|0.9477486027974517|0.959635675225628|0.9642874568564707|0.9598591703258149|0.9715052374966069|0.9695539131556472|0.9619351919383219|0.962835557384578|0.9619385668131859|0.9544574523080974|0.9568873126757199|0.9669759698110084|0.9738749026163528|0.9567827389120511|0.9669923934762337|0.9847952394180646,0.33789954|0.33789954|0.34703195|0.4155251|0.48401827|0.53424656|0.5525114|0.5479452|0.5936073|0.5936073|0.58447486|0.5753425|0.5890411|0.6347032|0.6392694|0.5707763|0.60273975|0.5753425|0.6255708|0.6392694|0.6438356|0.6392694|0.6255708|0.6438356|0.63013697|0.6438356|0.6438356|0.6484018|0.6438356|0.65296805|0.6484018|0.6438356|0.63013697|0.63013697|0.6392694|0.6484018|0.63013697|0.6438356|0.6210046|0.6255708|0.6210046|0.6347032|0.6164383|0.6210046|0.6210046|0.6164383|0.60730594|0.6347032|0.61187214|0.6164383|0.6164383|0.60730594|0.60273975|0.6210046|0.61187214|0.58447486|0.57990867|0.60730594|0.6164383|0.5936073|0.60273975|0.56164384|0.60730594|0.58447486|0.58447486|0.60273975|0.58447486|0.57990867|0.57990867|0.60273975|0.60730594|0.58447486|0.5981735|0.5936073|0.5936073|0.5936073|0.60273975|0.5981735|0.6255708|0.60730594|0.6164383|0.5753425|0.5981735|0.57990867|0.5753425,22.095147848129272
1.741892818446573|1.288713326192882|1.198745603430761|1.1559468730943931|1.1232532954107137|1.1041158655462744|1.0949461841147785|1.0743129988239235|1.052484492733054|1.0165079543579658|1.0042586386475933|0.9882117607822157|0.9861532085018071|0.9844942566466658|0.981195932653941|0.9611780202552064|0.981882534614981|0.9601654391310531|0.9746282389174857|0.9735562306016547|0.9724304447435352|0.9748588833090377|0.9744041156551065|0.9535790447775088|0.9641265825593852|0.961533280812442|0.9497758781528909|0.9632963595324999|0.9588614430057404|0.9514203659475666|0.9604343736552756|0.9748493313245034|0.9660010626326957|0.9555951182700727|0.9572327795638341|0.9516515182033521|0.9481135742849411|0.9508493893767056|0.9637530405227452|0.9593781842488677|0.9568916820499995|0.9493220140944877|0.9604394120168468|0.9559672689873334|0.9657487716848991|0.9543263487619896|0.9477907489968217|0.9585207798709608|0.9617213435368995|0.9383646565485219,0.56164384|0.37442923|0.369863|0.47945204|0.47488585|0.5296804|0.56164384|0.57990867|0.5981735|0.5981735|0.5936073|0.5981735|0.6210046|0.5936073|0.57990867|0.56621003|0.57990867|0.5707763|0.5936073|0.6210046|0.6392694|0.5890411|0.6255708|0.57990867|0.6164383|0.58447486|0.5753425|0.66210043|0.6484018|0.6255708|0.6484018|0.6164383|0.6484018|0.6210046|0.6484018|0.5936073|0.61187214|0.58447486|0.6164383|0.6484018|0.6347032|0.58447486|0.6164383|0.63013697|0.60273975|0.57990867|0.58447486|0.61187214|0.60730594|0.60273975,16.316267013549805
1.7983771497256136|1.2398914049749505|1.142354736045071|1.0864601293110956|1.0500532018539568|1.014223776451529|1.0033348684441554|0.9852799933794971|0.9947186447169682|0.9823829926312242|0.9754770961526322|0.9684819434875767|0.9651846629843864|0.9577540289865781|0.9601456395022945|0.9588415715248073|0.9718108944696923|0.9784944520149057|0.9633253605942748|0.9519186607778889|0.9576929078254526|0.9473678178438857|0.9523270614615315|0.9666976052332142|0.9529378588341143|0.9559490827664937|0.9519744980825137|0.9400626377427959|0.9436401580566685|0.9457949634012022|0.9528198938935859|0.9507719463409354|0.9463929427813177|0.9570799521659608|0.9518325786068015|0.949836646040825|0.9461875473527603|0.941760083311769|0.9386889270451515|0.9432533603824981|0.9457742863049791|0.9407037866714338|0.9479072458667842|0.9392707059372506|0.9426897481151911|0.9381943581855461|0.9310464472531184|0.9385833223116452|0.9277833319145795|0.9506462888630558|0.9381638275433893|0.9436116218566895|0.9442273323938727|0.9350174817864754|0.9307924040920659|0.9466635195631959|0.9452148180574043|0.9333693289865642|0.929019409227589|0.9391603899873011,0.5525114|0.5753425|0.53424656|0.55707765|0.56164384|0.5707763|0.6164383|0.5936073|0.6347032|0.6392694|0.60273975|0.6255708|0.6255708|0.60730594|0.6164383|0.56621003|0.60730594|0.60273975|0.60273975|0.60730594|0.5981735|0.60730594|0.60273975|0.5753425|0.61187214|0.5890411|0.60273975|0.5936073|0.57990867|0.5981735|0.56621003|0.60273975|0.5936073|0.5707763|0.5981735|0.61187214|0.5936073|0.6164383|0.5936073|0.60730594|0.57990867|0.5936073|0.57990867|0.61187214|0.58447486|0.5936073|0.60730594|0.60273975|0.6347032|0.58447486|0.5890411|0.60273975|0.60273975|0.5981735|0.60273975|0.5981735|0.61187214|0.6210046|0.63013697|0.6164383,17.06773614883423
1.5242687469203722|1.2614034229217599|1.201007498998076|1.1808848517126145|1.156233436985103|1.1103392344087226|1.0511977966517618|1.0185992532669137|1.0079732926468872|1.0078841088569328|0.9666269707353148|0.9569972699091315|0.9692686295400471|0.9641272994481265|0.9439725707110749|0.9634995046815916|0.9551250357606095|0.9551615764016974|0.9454999236755719|0.984877396936286|0.9605695128985191|0.994935366661037|0.9547183274134109|0.9620279106375289|0.959932108992311|0.9634021487954545|0.9478290935629579|0.950093358619028|0.9492106682633701|0.9533410464247613|0.976877410117894|0.9573441150525933|0.9485182049067598|0.9520142100173045|0.9737658887148992|0.9486382100135768|0.9584048550967212|0.949061245134432|0.9771804455752786|0.9682453718359612|0.9623866309858349|0.9690131373601417|0.9532900526099009|0.9604866814939943|0.9644238747418199|0.9710899177751585|0.9512203937251819|0.9665411487561927|0.9708070978182092|0.9664934742940615|0.970830809035802|0.9477464831583032|0.9592078749991987|0.9542604401775691|0.9589190635506966|0.9611742534593904|0.9617781535675537|0.9511230802971479|0.9596941215262565|0.9485926922053507|0.9578121410657282|0.9563823002114143|0.95520532240062|0.9565173262330495|0.9520041126094453|0.9442014106332439|0.9443036916593438|0.9371172298579455|0.9455896011770588|0.93475526652924|0.95488629003638|0.9514129700726026|0.9509391833658087|0.96034061799855|0.9495317255525284|0.9402074536232099|0.941548146069322|0.9327096160688356|0.9486813169636138|0.9431634232333806,0.51141554|0.51141554|0.51141554|0.51141554|0.56621003|0.60730594|0.6392694|0.60273975|0.60273975|0.6164383|0.5753425|0.5707763|0.6438356|0.6392694|0.60730594|0.6347032|0.6347032|0.6347032|0.5981735|0.6164383|0.6255708|0.61187214|0.63013697|0.6255708|0.6164383|0.6210046|0.6392694|0.6392694|0.6255708|0.61187214|0.60730594|0.6255708|0.60273975|0.63013697|0.60273975|0.61187214|0.6210046|0.63013697|0.6164383|0.6255708|0.63013697|0.61187214|0.6210046|0.6210046|0.6255708|0.61187214|0.6438356|0.6164383|0.6255708|0.6255708|0.6210046|0.5981735|0.63013697|0.6438356|0.6392694|0.6210046|0.6392694|0.6392694|0.6347032|0.6484018|0.6484018|0.6438356|0.6164383|0.6392694|0.63013697|0.6255708|0.6347032|0.6347032|0.6255708|0.60730594|0.6164383|0.6347032|0.63013697|0.60730594|0.6255708|0.6210046|0.63013697|0.6255708|0.61187214|0.6164383,23.105061054229736
1.7245227795213325|1.2723487354304692|1.1541849755805378|1.0911733075363996|1.0400159217451261|1.003920607370873|0.9870655487661493|0.9804318756817683|0.9683636481359125|0.9678188589609922|0.979978425862038|0.9640595047441247|0.9823018758808642|0.9722481209393505|0.9651100172844107|0.9547560285759843|0.96387779712677|0.9445149620918378|0.9713725668110259|0.9567844187287979|0.9553948150922175|0.9547140021302384|0.9511861066295676|0.9403724218612393|0.958424433181275|0.9377748481759197|0.9617024866957643|0.9447902157970759|0.9575622157963444|0.9361802557287695|0.961595129749002|0.9559391622673975|0.9511458830202006|0.9553660480943444|0.9524668770838002|0.9707540807114344|0.9570749976319265|0.9414526964431484|0.9394917275807629|0.9568452677225958|0.9480983857150491|0.9542300249343594|0.9564693469435113|0.9439838585788256|0.9544531199485744|0.9464907303248367|0.945596454894706|0.9475100535780328|0.9380060744612184|0.9644675020757876,0.53881276|0.4063927|0.51598173|0.58447486|0.5981735|0.60273975|0.6255708|0.5981735|0.5707763|0.5753425|0.63013697|0.6164383|0.6392694|0.63013697|0.6255708|0.6210046|0.63013697|0.6210046|0.6438356|0.6347032|0.6255708|0.6210046|0.6392694|0.6210046|0.6347032|0.6438356|0.63013697|0.6438356|0.63013697|0.6255708|0.6255708|0.6347032|0.6438356|0.6347032|0.63013697|0.6164383|0.6347032|0.6392694|0.6392694|0.6255708|0.6347032|0.6210046|0.6164383|0.6347032|0.6255708|0.6392694|0.6164383|0.6164383|0.60730594|0.60273975,15.236230850219727
1.6213720236739066|1.3168882273103548|1.2250891189052635|1.1822722736558957|1.1369106644364797|1.113038624802681|1.0901395147793913|1.068787692344352|1.0330937872194264|1.0181470897099743|0.995040497823393|0.9783523676057929|0.9833718592717767|0.9886767956764186|0.9808371181357397|0.9721986469068483|0.9659804508566312|0.9572054653951566|0.9532191737057412|0.9503139333637882|0.9494520164515874|0.9649969981685621|0.9521674777819141|0.9520573665017951|0.9436716793878982|0.9577428804684992|0.9334682770515685|0.9520507996485114|0.9459791901993425|0.9317603884222301|0.9265257043925594|0.9230077032629214|0.9378297987593908|0.9156435281718702|0.9284519713763233|0.9437336812824964|0.9174433522028466|0.9185183979060552|0.9131664832433065|0.9082871425097392|0.9220030650700608|0.9118778291902586|0.9269395957798718|0.9097933067034368|0.9250579255900971|0.9134083578031357|0.902452959317595|0.9299627961633412|0.8994583375922077|0.9114895013913716|0.9093456382620825|0.901354225258849|0.9199006002243251|0.9138785050884229|0.9045269287884508|0.8984671428323336|0.9106523941640985|0.9140623209138984|0.8987976285420596|0.9234963045816987,0.44292238|0.33333334|0.33333334|0.33333334|0.33333334|0.33333334|0.35159817|0.53424656|0.5251142|0.51141554|0.6255708|0.60273975|0.53424656|0.5296804|0.543379|0.5753425|0.5753425|0.5981735|0.5753425|0.5890411|0.5753425|0.60730594|0.60273975|0.6210046|0.6438356|0.6210046|0.57990867|0.6347032|0.6438356|0.6255708|0.6164383|0.60730594|0.63013697|0.5981735|0.63013697|0.5981735|0.63013697|0.63013697|0.6347032|0.6392694|0.6210046|0.6164383|0.5936073|0.6255708|0.5981735|0.61187214|0.63013697|0.5981735|0.6392694|0.60273975|0.61187214|0.5936073|0.60730594|0.61187214|0.61187214|0.6210046|0.61187214|0.60273975|0.60730594|0.61187214,16.6248779296875
1.700941688938228|1.3400703608717548|1.230390691866069|1.194166780062462|1.1799222045837472|1.1726493253011137|1.16159276439719|1.1343190076688654|1.1031926434878345|1.0661718295589429|1.0242334571603227|1.0182883995308725|0.9979707421777455|0.9680550778837509|0.9680476253979826|0.9634669616342135|0.9575031995773315|0.9633114158290706|0.9475509216796317|0.9560625172096845|0.9550474250697654|0.950952620811114|0.9428149488962949|0.9432498096875405|0.9548113754350845|0.9429732800618699|0.9417432601049066|0.9497224244897224|0.9370799483773915|0.9229183986306735|0.9331220698683229|0.9606274981476944|0.9623235061288424|0.9385110314033892|0.9467086400071235|0.9438645469543596|0.9500974852200512|0.9397239968112615|0.9497475183173402|0.9418935084451824|0.9456337233112283|0.9498879795205103|0.9641390685077127|0.947547129300087|0.9472321206576204|0.949221154870508|0.9361349453120471|0.9559860038975058|0.9354367631755464|0.9399939546846363,0.33333334|0.33333334|0.33333334|0.33333334|0.33333334|0.33333334|0.33789954|0.3607306|0.4611872|0.5753425|0.57990867|0.61187214|0.60273975|0.56164384|0.5753425|0.56621003|0.5753425|0.58447486|0.56164384|0.5753425|0.58447486|0.5981735|0.58447486|0.5936073|0.5753425|0.5890411|0.5753425|0.5753425|0.5936073|0.5753425|0.5936073|0.58447486|0.63013697|0.5981735|0.5936073|0.57990867|0.60273975|0.5753425|0.6164383|0.5707763|0.6164383|0.60730594|0.60730594|0.5753425|0.6164383|0.6210046|0.5707763|0.60273975|0.5707763|0.5890411,15.25094485282898
1.5394173196461647|1.2843210049415832|1.1906092096137129|1.139958024569298|1.0832545261949165|1.0517834141918514|1.035393651761965|1.0113175693712277|0.9963441270671479|0.9780157385351451|0.9835059027693588|0.9651843401939357|0.9675259105691082|0.9511457191754694|0.952387321485232|0.9406345723426506|0.9478315006108045|0.9563340139171305|0.9484247938138709|0.9668959629590108|0.9560140501962949|0.9680291969482213|0.9743317795670741|0.9496291500248321|0.953919589791668|0.9505744922106669|0.9666593063911891|0.9724805545589151|0.966719731892625|0.9671531986428178|0.960040597610822|0.9556819058988737|0.9521427437595037|0.9580320936359771|0.9636347827301722|0.9823915680793867|0.9627277736794458|0.9577121995899776|0.9729431448461803|0.9497023080581943|0.9601823380004325|0.9631297120220585|0.9788959369267503|0.9667558430536697|0.9686083276522214|0.9749830765266941|0.9575553174432554|0.9730169397510894|0.9790773936058288|0.9443245108269122|0.9603852790240284|0.9423543073270964|0.9561510042512797|0.9638458392391466|0.9605139815099707|0.9492201347873636|0.9603183198737227|0.9581888663714335|0.9612160806786524|0.9473057800232003,0.51141554|0.51141554|0.51141554|0.5251142|0.5251142|0.5296804|0.51598173|0.53424656|0.6164383|0.6255708|0.5981735|0.6255708|0.60273975|0.6392694|0.6347032|0.6484018|0.6255708|0.6347032|0.63013697|0.60273975|0.61187214|0.5936073|0.58447486|0.6347032|0.60730594|0.6210046|0.5890411|0.5936073|0.5981735|0.5981735|0.61187214|0.61187214|0.6255708|0.5981735|0.5936073|0.57990867|0.5981735|0.60273975|0.5753425|0.60730594|0.60273975|0.5890411|0.58447486|0.5753425|0.57990867|0.5707763|0.61187214|0.5707763|0.56621003|0.5890411|0.5479452|0.56621003|0.56621003|0.5251142|0.53424656|0.55707765|0.5479452|0.5753425|0.56621003|0.5890411,23.112621068954468
1.676482353036262|1.3399994073937473|1.238405702865287|1.202647758401148|1.1876796712614086|1.180961761844757|1.157877308048614|1.1251955206535722|1.098546644324037|1.0511919183818172|1.0333085914725038|1.0235621216090303|1.0022876083034358|0.9920395732470298|0.9818970607295973|0.9766824577497021|0.9635480179634268|0.9759890341867595|0.9553402635060488|0.9814655290891047|0.9592812621974509|0.9625396984352913|0.948037426765651|0.9435458635086338|0.9553995638677518|0.9499280088024052|0.9468693422944578|0.937681041896071|0.9278188497508497|0.9420513905346666|0.9416969328710477|0.925896426858423|0.938212092064287|0.9242459535598755|0.9284651459079899|0.925968642104162|0.9210238756110135|0.9277801747735777|0.9227787201807379|0.9345125852654513|0.9160843951517044|0.9309026792169162|0.9039516710255244|0.9152919010484599|0.923389717868474|0.908591740207585|0.9126109342052512|0.9040528998527353|0.9063312120089247|0.9212511532927212|0.9065057082807637|0.9096353179243601|0.9205657118531667|0.9088787058172705|0.9037403080561389|0.9066366577801639|0.911285025888382|0.908854102979512|0.9027112907470634|0.9041905773284773|0.9191069325355634|0.9026153642837316|0.9102419636565257|0.9192728206991605|0.9055511717382632|0.9064499362962976|0.9011526962393495|0.9108523582214634|0.9068868192907882|0.9005490944265775,0.33333334|0.33333334|0.33333334|0.33333334|0.33333334|0.33333334|0.39269406|0.49315068|0.55707765|0.5479452|0.58447486|0.5981735|0.5753425|0.5707763|0.5753425|0.5753425|0.5707763|0.57990867|0.5890411|0.66210043|0.58447486|0.63013697|0.5936073|0.5936073|0.6164383|0.6438356|0.6347032|0.6210046|0.60273975|0.6210046|0.6347032|0.6438356|0.6164383|0.61187214|0.6438356|0.6210046|0.63013697|0.63013697|0.6255708|0.61187214|0.6164383|0.61187214|0.6164383|0.60730594|0.61187214|0.6255708|0.60273975|0.6210046|0.61187214|0.61187214|0.6210046|0.61187214|0.6255708|0.60730594|0.61187214|0.6164383|0.63013697|0.61187214|0.6210046|0.6255708|0.6210046|0.6164383|0.6210046|0.60273975|0.61187214|0.60273975|0.6164383|0.5981735|0.6255708|0.6255708,19.903343677520752
1.761478001668573|1.3488427819726674|1.186702374998293|1.1323076486587524|1.0855400878000476|1.0419728505556987|1.0210400689138126|1.006112332213415|0.9854672510329991|0.9760581761190336|0.9757375722606433|0.9673140930802855|0.9643237128105338|0.973757864133408|0.9531629363151446|0.9537342694252049|0.9549392450890041|0.9596696074150469|0.9545177852726419|0.9352079482927714|0.9419152850974096|0.9442817854554686|0.9352295197308336|0.9468635505737235|0.9352715445435755|0.92943842988036|0.9421594371534374|0.9373605893627149|0.9386986406970786|0.9390949604173774|0.9463458322498897|0.9550674609397645|0.9395631415658889|0.9495642544472054|0.9472282362855189|0.9356930805667895|0.945418395952547|0.974103470371194|0.9482450033431729|0.9601905046532687|0.9526465499782126|0.9675818268022581|0.9548826027134237|0.9574539786604441|0.9629568242591265|0.9670721238062262|0.9607377270040991|0.9594663044089051|0.967688912670362|0.9703133509039334,0.33333334|0.42922375|0.5022831|0.5890411|0.61187214|0.60730594|0.5890411|0.60273975|0.57990867|0.58447486|0.60273975|0.5981735|0.61187214|0.6438356|0.63013697|0.65753424|0.6484018|0.5707763|0.6347032|0.65296805|0.6438356|0.6255708|0.6255708|0.61187214|0.6255708|0.6438356|0.5981735|0.60730594|0.6210046|0.6210046|0.60730594|0.6164383|0.6164383|0.60273975|0.60273975|0.6164383|0.5981735|0.5936073|0.60273975|0.5890411|0.5981735|0.5936073|0.60273975|0.58447486|0.57990867|0.5890411|0.60273975|0.60273975|0.5936073|0.5890411,16.005319833755493
1.6419097174248194|1.2445019129748758|1.1884674476161938|1.1380363387059949|1.0930556554228203|1.056426893086194|1.035572589260258|1.0170884742040067|0.9970374014823948|0.9920461509870068|0.9875576969695418|0.9776091074834675|0.9808970412162885|0.9652736323064866|0.9672686171858278|0.9574250363868121|0.9602338543765621|0.9573577402933547|0.9561702894837889|0.9566951478452987|0.9540812669823703|0.9753022286445583|0.9609109974342939|0.955502516058482|0.9558368077561191|0.9600518577175053|0.9646068952943636|0.9745371858823245|0.9772461587435579|0.9692386007744428|0.9509149038628356|0.9479840558413501|0.9552341275019188|0.9624404313901788|0.9723286465422748|0.9512953382648833|0.9412740752032903|0.9364288223388533|0.9395493758867864|0.9333128874704718|0.9420954974274657|0.9582650802995516|0.9391722847881927|0.9299939979701282|0.9396060405800876|0.9447442968142087|0.9288449053350649|0.9255010695217951|0.9345762354053863|0.9309209922677306|0.9245921291717111|0.9325569906191195|0.9237014888084099|0.9256104437727907|0.9158683851973651|0.9198359392549349|0.9387675915678887|0.9237815969066533|0.9299951900630237|0.9248030202029502|0.9272711609052197|0.9458724510724141|0.9229480528940349|0.924778127779155|0.9107294991680476|0.927812606776686|0.926316921569441|0.9427563599799866|0.9284328195058047|0.936325909884553|0.9136307451822986|0.9245945394855656|0.9292777346693761|0.9189549597430992|0.9250436661994621|0.9248736677648814|0.9247227335629398|0.9321112262603899|0.9280038380731731|0.9233251755640387|0.9162092834847159|0.9063262019527557|0.9226617900203896|0.9289727651909606|0.9142503912590411|0.9103889726612666|0.9130294295750796|0.921991960643089|0.9136491426049846|0.9120621223972268|0.9203219898215168|0.9177344934036743|0.9299972873844512|0.9068718838365111|0.9093407446935297|0.8969642762179788|0.9072474954335112|0.8972262568669777|0.9333134813395809|0.9186118351270075|0.9075455230120655|0.9120974023592526|0.8998072131039345|0.9267240893350889|0.9076812343510319|0.9099193996490409|0.9156986469547498|0.9087919062131071|0.9193658703538381|0.9126989302569872,0.5068493|0.51141554|0.51141554|0.51598173|0.56164384|0.5296804|0.56164384|0.5479452|0.56621003|0.57990867|0.5707763|0.58447486|0.5981735|0.5936073|0.5936073|0.57990867|0.5890411|0.5890411|0.5936073|0.5890411|0.5936073|0.6392694|0.5981735|0.5981735|0.5936073|0.5936073|0.60273975|0.63013697|0.63013697|0.6392694|0.5981735|0.60730594|0.6347032|0.6392694|0.6164383|0.60730594|0.6438356|0.63013697|0.6255708|0.5890411|0.6347032|0.60730594|0.6255708|0.6164383|0.60730594|0.5981735|0.6210046|0.61187214|0.60273975|0.60730594|0.60730594|0.60273975|0.6164383|0.6164383|0.5981735|0.6164383|0.5981735|0.61187214|0.60730594|0.60730594|0.6210046|0.58447486|0.6164383|0.6210046|0.60273975|0.60730594|0.5981735|0.57990867|0.5890411|0.5936073|0.6210046|0.60730594|0.57990867|0.6164383|0.5936073|0.5890411|0.57990867|0.5981735|0.5753425|0.61187214|0.5981735|0.6164383|0.60730594|0.60273975|0.5890411|0.5753425|0.5936073|0.56621003|0.5981735|0.60730594|0.5753425|0.5753425|0.5936073|0.5890411|0.60273975|0.6164383|0.5936073|0.6255708|0.5753425|0.5753425|0.5981735|0.5890411|0.5936073|0.58447486|0.5981735|0.5890411|0.60730594|0.5981735|0.5890411|0.60273975,30.18184185028076
1.6396048384714343|1.2777381073938656|1.1444233231348535|1.0980485601512264|1.0534572383584497|1.0170445970204323|1.0027379075141802|0.9781877504636164|0.9600069081946595|0.9579885735359366|0.9611204133186166|0.9367717308540867|0.9277515438593686|0.9321121739470251|0.9413197220188297|0.9530549370534888|0.9429298557647287|0.9342733583493864|0.9491657911370334|0.9304405565131201|0.9353202102391143|0.9255181812260249|0.9324642833509401|0.9207933101479866|0.930593013219093|0.9425494164636691|0.9467477335777457|0.9341417148233004|0.9334320570235928|0.9316176802056021|0.9434776333369077|0.9418694281686931|0.9487028954780266|0.9462843942859945|0.947464855838584|0.963113141930811|0.9364036539373877|0.9447519196767241|0.9554234144350165|0.951386763624949|0.9432813527921563|0.9490705336609931|0.9709156332495006|0.9518610957550676|0.9477830863978765|0.9433246687667011|0.937598738496162|0.9531087902582944|0.9455337785694697|0.9349815654972372,0.5251142|0.5753425|0.60730594|0.6164383|0.57990867|0.57990867|0.60273975|0.6210046|0.6210046|0.60730594|0.63013697|0.5890411|0.58447486|0.6164383|0.6255708|0.6255708|0.6392694|0.5981735|0.6210046|0.5890411|0.5890411|0.60730594|0.5981735|0.5753425|0.5753425|0.63013697|0.6347032|0.5936073|0.6347032|0.56621003|0.60730594|0.6347032|0.6347032|0.60273975|0.6392694|0.63013697|0.5890411|0.5981735|0.6164383|0.6164383|0.5890411|0.60273975|0.61187214|0.61187214|0.58447486|0.5753425|0.57990867|0.61187214|0.56621003|0.5890411,15.010107040405273
1.5814208674104246|1.2524560395985433|1.1708281078295075|1.1132221352564144|1.0667186823065422|1.0409921570999983|1.0148807862033582|1.00321483666494|0.9887126041873949|0.9885940894688645|0.9852194301613934|0.9603386529504436|0.9616245690001745|0.9537653384143359|0.9596520248613402|0.9573925940413454|0.9462655809916318|0.947981643350157|0.950385358779942|0.9502155954979327|0.9470365755089886|0.9471346107247758|0.9479333652208929|0.9466036525491166|0.9453795135837711|0.9532709034610557|0.9465537468592325|0.9300005626460733|0.9420210983110889|0.9349636008206024|0.9363107986101821|0.9479725649367728|0.9368382365736243|0.9336344292174735|0.9308049749565995|0.9303199559041898|0.9380765369493668|0.9275362698454835|0.9214844915964832|0.92714145085583|0.9443613639160923|0.9292076532154867|0.9206750997125286|0.920715869289555|0.9250911964129095|0.9338674142480441|0.929227399499449|0.9433368384565937|0.9370248856609815|0.948062343140171|0.9363213527148173|0.9236861244184241|0.9494194510864885|0.9368658582913821|0.9398237047674449|0.9322975999144114|0.9322546388460621|0.9583123421560139|0.9456398742928352|0.9463006758798748|0.9469315815189657|0.946104672401463|0.961451871754372|0.9725988074524762|0.9451843200753268,0.53881276|0.51598173|0.5525114|0.60730594|0.57990867|0.58447486|0.56621003|0.5753425|0.57990867|0.58447486|0.58447486|0.57990867|0.58447486|0.5890411|0.5981735|0.6164383|0.5890411|0.6438356|0.60730594|0.5936073|0.60273975|0.5981735|0.6164383|0.61187214|0.6255708|0.6438356|0.6347032|0.5981735|0.5890411|0.5981735|0.6164383|0.6255708|0.61187214|0.6347032|0.5981735|0.5890411|0.61187214|0.57990867|0.58447486|0.6210046|0.6164383|0.5981735|0.61187214|0.58447486|0.61187214|0.61187214|0.5890411|0.60273975|0.5707763|0.5981735|0.56164384|0.61187214|0.5936073|0.6164383|0.60730594|0.61187214|0.58447486|0.5936073|0.58447486|0.60273975|0.6164383|0.6255708|0.5251142|0.5981735|0.5525114,19.60186791419983
1.861210848642811|1.3121370523487597|1.1722585425529306|1.1212126473857933|1.0973126463694116|1.0606476416870885|1.0294880366216512|0.9955361929114006|0.9828553499152127|0.9569283255703374|0.9589630392588437|0.9391877667544639|0.9186729072980141|0.9136724629902948|0.9175378764601059|0.9311765062210222|0.9246232123135432|0.9181670048465468|0.9203974803288778|0.9223905877979923|0.9119100837402692|0.9222342581509455|0.9353862706929037|0.9277651587577715|0.9180316593004688|0.9327410198237798|0.9389282209143791|0.9450670578708388|0.9334641705909276|0.9433633099952244|0.9296490574536258|0.9340645336124995|0.9329612505490377|0.9345343412329618|0.9400305796975958|0.9350989991671419|0.9274503308344105|0.9333327584070702|0.9448469632292447|0.9396166436748418|0.9300776801697196|0.9315671370998365|0.9307358912681336|0.9402781240471966|0.9284160627077703|0.9278078122770406|0.9350089379097228|0.9320042247641577|0.931682221421368|0.9378344560867031|0.9515108370889812|0.941112851443356|0.9526547999142512|0.9493200332606764|0.9313981113912853|0.940750097575253|0.9544909533844691|0.9540878517986977|0.9419409439443998|0.9553074080105786|0.9425308143711526|0.9334823579004367|0.9498976528916729|0.9465561963651823|0.9478415054817723,0.37899545|0.33333334|0.33333334|0.33333334|0.47488585|0.53881276|0.5936073|0.60730594|0.6210046|0.60273975|0.6484018|0.63013697|0.5981735|0.5890411|0.5890411|0.61187214|0.61187214|0.58447486|0.5981735|0.6255708|0.60273975|0.60273975|0.60273975|0.6164383|0.5981735|0.5753425|0.60730594|0.60730594|0.5890411|0.6164383|0.57990867|0.5890411|0.60273975|0.5936073|0.5981735|0.5753425|0.5890411|0.61187214|0.5981735|0.60273975|0.58447486|0.58447486|0.57990867|0.5981735|0.5890411|0.5936073|0.5707763|0.5753425|0.5753425|0.56621003|0.60730594|0.56621003|0.5890411|0.5753425|0.5707763|0.5753425|0.5936073|0.57990867|0.58447486|0.5981735|0.60730594|0.5890411|0.60273975|0.5981735|0.55707765,19.882604122161865
1.7370592034570702|1.31259365441048|1.1862777983216934|1.123758120079563|1.0897535858633312|1.0721574161695018|1.0290634267406376|1.0126632060090157|1.0088105675292343|0.9846077553213459|0.9898833428343682|0.9984891714026395|0.9662355854086679|0.9609053211125065|0.9605601976995599|0.9607798786468158|0.9678586808513833|0.9731123588945223|0.9540054792682874|0.9568009986180693|0.97105158464005|0.9537268229271179|0.9586247075093935|0.958725439359064|0.9787613115354216|0.9492311281700657|0.9593664375070023|0.9762155067975118|0.954479650275348|0.9474670163028316|0.9587060213088989|0.9748004087030071|0.9723613033555958|0.9528272211823834|0.9569438254996522|0.9427365799472757|0.9580020904541016|0.948959779521646|0.9534263692490043|0.982948753931751|0.9452384400041136|0.9638214726426285|0.9499343475794684|0.9380403806085456|0.9510569109764273|0.9606333628092727|0.946096867186838|0.9517821988014326|0.9525665648996013|0.9379444280171503,0.5890411|0.5296804|0.5296804|0.53881276|0.5525114|0.5981735|0.5525114|0.56621003|0.60273975|0.57990867|0.5981735|0.6392694|0.60273975|0.58447486|0.58447486|0.5890411|0.6210046|0.6347032|0.61187214|0.6438356|0.5890411|0.63013697|0.63013697|0.6438356|0.5981735|0.6438356|0.6210046|0.5753425|0.6255708|0.6347032|0.6210046|0.63013697|0.60730594|0.6164383|0.6210046|0.6255708|0.6392694|0.6392694|0.6347032|0.60273975|0.61187214|0.5981735|0.60273975|0.6392694|0.6210046|0.61187214|0.5981735|0.6255708|0.6164383|0.6210046,16.600843906402588
1.5305104326439776|1.2734429134081489|1.2005901989871508|1.1748414867000492|1.1487998086023548|1.1167999745503951|1.0804995249395501|1.0477844890394168|1.0140742607856994|1.019577553283134|1.0055429440110786|1.0110744167136274|0.9884087032379081|0.9711366870087575|0.9770640869663186|0.9810305398348804|0.9592619252531496|0.9555718991310085|0.954370167701756|0.9485607903841968|0.9505992197010615|0.9584253411314804|0.9349355305710884|0.9407834315408855|0.9449676400450266|0.9410525222891541|0.9330469810799377|0.9372062770199013|0.9368193927965208|0.9451517117077901|0.936242985398802|0.9437116983274346|0.9398839963625555|0.9368147790159809|0.9506874998954877|0.9346245657907774|0.9499051843059662|0.9437493749949486|0.9371697216817777|0.9419568205532962|0.9684692370837138|0.9484056310566593|0.9365392634857735|0.9449707193461727|0.9620452738243696|0.9706712161024956|0.9513555503871343|0.9603403882893253|0.9550372988121695|0.9538881637190031,0.51141554|0.51141554|0.51141554|0.51141554|0.5479452|0.5753425|0.51598173|0.5525114|0.5936073|0.5936073|0.5936073|0.5707763|0.5707763|0.5525114|0.60273975|0.55707765|0.5936073|0.60730594|0.6438356|0.6164383|0.5890411|0.61187214|0.6210046|0.6255708|0.61187214|0.61187214|0.58447486|0.60730594|0.60273975|0.60730594|0.5753425|0.5981735|0.6210046|0.6164383|0.60273975|0.5981735|0.6164383|0.6164383|0.5936073|0.5936073|0.55707765|0.56164384|0.57990867|0.55707765|0.5707763|0.5479452|0.56164384|0.5525114|0.58447486|0.56621003,17.290292978286743
1.6198272993575493|1.290292758919877|1.1749606693172019|1.1125423118948392|1.0674127721351032|1.0526251471750268|1.0038874699100513|0.9914864715375856|0.975751942695548|0.9796175722662173|0.9614168133365509|0.9526668052150778|0.9550108196528535|0.9571731803624053|0.9632326821758322|0.9459176509892016|0.952999717568698|0.9716466659824597|0.9598510673601334|0.9496747592812804|0.9442026914526883|0.9362162710869149|0.9516561194641949|0.9473227360477187|0.9438522858162449|0.9557683212027702|0.9507740409406897|0.9521950570415688|0.9871914490172852|0.9560755926724438|0.9404930790809736|0.9457947560096984|0.9444857171681373|0.9450374286468715|0.9533121128604837|0.9354064753066459|0.9444547739203117|0.9408546245261414|0.9695704108503855|0.9507679868506514|0.9408478758650828|0.952948176697509|0.9594950561654078|0.9599212985060531|0.9504606653021895|0.9557129683559888|0.9579411647091173|0.9504415667764673|0.9578238246647734|0.9372699696179394|0.9612534432650701|0.9398113968165498|0.9539852920732542|0.9627691779506805|0.9563120560014629|0.949689104676791|0.9609685923955212|0.9570612640685687|0.9573078128300845|0.9605831539249856|0.943908771967779|0.9497308442581734|0.9451347622152877|0.9448382375447173|0.9545577835274613|0.9455072226589674|0.9627160508883054|0.955281814483747|0.966293814519769|0.9481470742726434,0.60730594|0.5205479|0.60273975|0.6347032|0.65753424|0.6255708|0.6438356|0.65296805|0.6392694|0.60730594|0.6438356|0.65296805|0.65296805|0.6392694|0.63013697|0.6438356|0.6347032|0.60730594|0.6210046|0.63013697|0.6347032|0.65753424|0.6164383|0.61187214|0.61187214|0.6210046|0.6164383|0.6164383|0.56621003|0.5936073|0.6255708|0.60273975|0.6255708|0.60273975|0.6210046|0.6255708|0.6164383|0.63013697|0.56621003|0.5981735|0.60730594|0.58447486|0.5890411|0.5890411|0.60273975|0.5936073|0.5753425|0.5936073|0.5936073|0.5981735|0.58447486|0.6255708|0.5936073|0.5890411|0.5936073|0.60730594|0.5890411|0.5981735|0.5890411|0.5981735|0.60273975|0.5981735|0.60273975|0.5981735|0.5981735|0.60273975|0.58447486|0.57990867|0.5890411|0.60273975,20.154831886291504
1.7427766867424255|1.3318634207390214|1.231273824765802|1.1972608892884973|1.1921203653562014|1.1699093879630031|1.134764166727458|1.1187260842214437|1.077150336683613|1.0382771649861444|1.0215033809888308|1.0091699067860433|0.9965480538808047|0.9750193694955138|0.9862779563964774|0.9669560607709841|0.9594960642731898|0.9456278945757374|0.9500317007439322|0.9715675355092576|0.9559404795572638|0.964811235258024|0.9316701959801591|0.9378216152321802|0.951744911877532|0.9447449739665201|0.9475837608450624|0.9375720660980433|0.9379550044395063|0.9378032145434863|0.9411957443576969|0.9398250242346498|0.9530246807559984|0.9330748091005299|0.9321487183984556|0.9335733249307223|0.9391473695023419|0.9551766800553831|0.9702620979857771|0.9442168310896991|0.932161433511673|0.9474387789425784|0.9389966116648286|0.9489941156073792|0.9516939240503529|0.9377808608965242|0.9392825909401183|0.9641168623754423|0.9472425076515163|0.9353476828091765|0.9373627873860537|0.9456284781024881|0.9282680308982117|0.9286661164401329|0.9324788492019862,0.33333334|0.33333334|0.33333334|0.33333334|0.34703195|0.33333334|0.34246576|0.38356164|0.57990867|0.5936073|0.63013697|0.60273975|0.6392694|0.5753425|0.6347032|0.60273975|0.6438356|0.61187214|0.6438356|0.6164383|0.63013697|0.6255708|0.65296805|0.6347032|0.6438356|0.6347032|0.6347032|0.6347032|0.6210046|0.6210046|0.6347032|0.6438356|0.6347032|0.6484018|0.6438356|0.63013697|0.6347032|0.6164383|0.60730594|0.6347032|0.6347032|0.6347032|0.63013697|0.63013697|0.6347032|0.6392694|0.6438356|0.6210046|0.6392694|0.63013697|0.6255708|0.6210046|0.63013697|0.63013697|0.6347032,16.11318588256836
1.7179838054256351|1.2873546788681587|1.212118413894688|1.1984981075269447|1.146957647854879|1.116486760034953|1.0923398923656167|1.0590765742950787|1.0243656139939887|1.0096210976169533|0.9915273135111212|0.969966569991961|0.987050532750343|0.9763578372458889|0.9672511946665098|0.9511752259241392|0.9531768359005723|0.9603274494545645|0.9507484893276267|0.9441558046428036|0.9544082988887073|0.9453519424891363|0.939339992662543|0.941909567950523|0.9372417812478052|0.945962694137608|0.9372748479451218|0.9410206781674738|0.9366156472463042|0.9337067952439121|0.9575850386597794|0.9321893469928062|0.9335384347123098|0.940843320328351|0.9337758321195977|0.9363062027926858|0.9454798769188798|0.9374384460928233|0.9349543024960174|0.9531674934848803|0.9376642219552166|0.9374533075175874|0.9514448800587763|0.9290640435806693|0.9345958260096372|0.9497526497601374|0.9417399135354447|0.9379040269546857|0.9386790446494813|0.9302281212044633,0.33333334|0.33333334|0.33333334|0.34703195|0.33789954|0.44748858|0.5251142|0.56621003|0.5890411|0.6164383|0.57990867|0.60273975|0.6347032|0.6392694|0.57990867|0.5753425|0.63013697|0.5707763|0.61187214|0.5890411|0.56164384|0.5890411|0.6210046|0.60273975|0.5981735|0.5936073|0.57990867|0.5890411|0.63013697|0.5890411|0.6210046|0.6255708|0.60730594|0.5936073|0.58447486|0.5936073|0.6210046|0.5981735|0.63013697|0.6210046|0.5890411|0.6347032|0.61187214|0.5890411|0.61187214|0.6210046|0.6210046|0.5753425|0.6347032|0.61187214,14.945867776870728
1.6123044098893258|1.313578693289735|1.2260879751754135|1.1919918800597866|1.179465521960498|1.1759945861825116|1.1709173542179474|1.1687315952832296|1.1685021440732424|1.1687434704880737|1.169136043008604|1.169134140558983|1.1694654944824845|1.1757434987586384|1.1477082151256195|1.0966279299836181|1.0655029239175526|1.0158661451513908|1.0036458081850723|0.9981266913348681|0.9930246567617268|0.9867490127206393|0.9879931690486055|0.9649130530553321|0.9710329781928563|0.9612984978445044|0.9621564149856567|0.960960259720615|0.9735778591948557|0.9566456721797926|0.9398567714647615|0.931391924483591|0.9391672083231957|0.9542274415220844|0.9372637740008907|0.9433747573530293|0.9411396005926611|0.9845556320120755|0.9333182105190678|0.9263144769625032|0.927576502164205|0.9514985492784683|0.9439641525756278|0.944984723988189|0.9411485015529476|0.9483167559044546|0.962732290568417|0.9385543816710171|0.961423817290563|0.9634315396008426|0.9600863815986946|0.9561047134878429|0.9531506898740655|0.9703944279178637|0.957674228437415|0.9563307419215163|0.9794140422725242|0.9513386607714439|0.951657784583906|0.9434088446778249|0.9863089132526693|0.9549145796527602|0.9599026849825089|0.9465777808672762|0.9371340465327921|0.9451868670171799|0.9533357565805792|0.9626105435907024|0.9610358683485963|0.9822276781683099|0.9553441908805882|0.9501331336966389|0.9467263123760484|0.953195818483013|0.9428207460603758|0.9456566838913312|0.948348083452547|0.9569689432779948|0.9427877893186596|0.9731998383726703,0.456621|0.51141554|0.33333334|0.33333334|0.33333334|0.33333334|0.33333334|0.33333334|0.33333334|0.33333334|0.33333334|0.33333334|0.33333334|0.33333334|0.3607306|0.53424656|0.61187214|0.5753425|0.56621003|0.57990867|0.58447486|0.5936073|0.6484018|0.60273975|0.5981735|0.5981735|0.5890411|0.60273975|0.5936073|0.60730594|0.6164383|0.5936073|0.5707763|0.60730594|0.6210046|0.5753425|0.60273975|0.5707763|0.5981735|0.5981735|0.60730594|0.5890411|0.60273975|0.5936073|0.6164383|0.58447486|0.57990867|0.6255708|0.57990867|0.58447486|0.60730594|0.5890411|0.57990867|0.5707763|0.60730594|0.60273975|0.5890411|0.5890411|0.56621003|0.5936073|0.56621003|0.5936073|0.5890411|0.5890411|0.58447486|0.5936073|0.60273975|0.60273975|0.57990867|0.5707763|0.5936073|0.5890411|0.60273975|0.5707763|0.60730594|0.5936073|0.56621003|0.5890411|0.57990867|0.56621003,22.549103260040283
1.7312228238745913|1.382137912049141|1.2031950145007269|1.098267786579045|1.0483066660084137|1.0218756427503612|1.01303462405183|0.9844710070248608|0.9799609010078046|0.9717796186333922|0.9612868403735226|0.9578384280749107|0.9582355055090499|0.9448313604206799|0.9604681273029275|0.9531069014170398|0.9596762771475805|0.9388585264824297|0.9717657234026417|0.9416566793232748|0.9643259598239916|0.9371670691390016|0.9491357373320348|0.9623425295363822|0.9588665401554544|0.9475684018984233|0.949196993488155|0.9510734794346709|0.9516939109863212|0.9503607635628687|0.9568988139226556|0.9487980527964901|0.9723664631037952|0.9616742204857743|0.9578614648618654|0.9816316594816235|0.9601518906414781|0.9589837550028274|0.9473880447753488|0.93837778916642|0.947376644774659|0.9453030443626996|0.9373428255455679|0.9437448276232366|0.9343406979896162|0.948121496531517|0.9460474905902392|0.9361772439251207|0.9382022864198032|0.9448387824237074|0.9490107493857814|0.938818585382749|0.9347335209040881|0.9427158837993396|0.9354421793053683|0.9568858217430986|0.9466652761311292|0.9280023890543202|0.9557329677555659|0.947093111739311|0.9528195536844263|0.9531363635302679|0.957369978569414|0.9419911201686075|0.9461465649408837,0.5296804|0.5022831|0.51141554|0.51141554|0.5068493|0.6210046|0.60730594|0.5753425|0.5890411|0.5936073|0.57990867|0.57990867|0.58447486|0.58447486|0.5981735|0.5753425|0.63013697|0.5890411|0.63013697|0.57990867|0.60273975|0.60273975|0.61187214|0.6347032|0.57990867|0.5981735|0.57990867|0.6164383|0.6164383|0.56621003|0.6164383|0.5936073|0.61187214|0.6164383|0.5890411|0.61187214|0.5981735|0.60730594|0.60273975|0.61187214|0.61187214|0.60273975|0.6164383|0.60730594|0.60730594|0.6210046|0.6164383|0.61187214|0.6164383|0.61187214|0.6164383|0.63013697|0.6164383|0.6164383|0.6210046|0.61187214|0.60730594|0.6255708|0.61187214|0.5981735|0.6210046|0.61187214|0.5936073|0.61187214|0.61187214,20.44542622566223
1.657659139263031|1.2858808307342877|1.1994631344869258|1.1549830828627494|1.1193806825707493|1.0781032021187211|1.03964835378133|1.0198374104826418|0.9969950462585171|0.9846447194547958|0.9968921953140328|0.9903851943473293|0.967364671023469|0.9707701385837711|0.9557134163434102|0.9614623654378603|0.9489909105649278|0.9394849506143022|0.9450170280726533|0.9528523188203437|0.957697165066793|0.9264657023834856|0.9226943679051857|0.9356605652804788|0.9232153299192315|0.92867858714709|0.9150114973930463|0.9213782940825371|0.9159126439595331|0.9354352423045189|0.9065599904212778|0.9064156492006833|0.9057676242366773|0.9075422433957662|0.8940880565338483|0.903955956572267|0.9083486017026857|0.9085492489000434|0.8987630289983531|0.9058400158468447|0.9136286473165364|0.9015496261587971|0.900807716530752|0.939692135270872|0.9040180422944021|0.9242256270151704|0.9047623823766839|0.910182440117614|0.9021266911127795|0.9062423755044806,0.3561644|0.33333334|0.34246576|0.38812786|0.46575344|0.5251142|0.56621003|0.58447486|0.56621003|0.5707763|0.60273975|0.61187214|0.5707763|0.5890411|0.5936073|0.6438356|0.61187214|0.60730594|0.5936073|0.6392694|0.63013697|0.63013697|0.63013697|0.6210046|0.58447486|0.63013697|0.6210046|0.6210046|0.61187214|0.5890411|0.63013697|0.6164383|0.6164383|0.60273975|0.6210046|0.60273975|0.5936073|0.60273975|0.5981735|0.5936073|0.58447486|0.5981735|0.5936073|0.5525114|0.58447486|0.5753425|0.5890411|0.56621003|0.57990867|0.5707763,14.70059609413147
1.7240865148910105|1.2955719564603343|1.195916369081088|1.1516270942339615|1.1194376689658316|1.0895989784911342|1.0515920827377876|1.0103375960702765|0.9956137709421654|0.9884363157019768|0.9698019653694815|0.9598698762998189|0.954876767445917|0.9455285300947216|0.9480735096212936|0.9281970431271209|0.9548633397986356|0.9288091762969483|0.9422968898189666|0.9259093161587302|0.923620456974256|0.9189513529816719|0.9317337405191709|0.9167055490354424|0.9143727625886054|0.9136064134231986|0.9106591613325354|0.9201962594027933|0.9286629037769962|0.9210463555436156|0.9182926057136223|0.9244002212672473|0.9218864489908087|0.9227750176164113|0.91160312145268|0.9175021577643477|0.9437629702973039|0.9194810483009304|0.9084568480922751|0.9209055573972937|0.9168186688532024|0.9316962146323565|0.9207466693773662|0.9149062241593452|0.929736987096534|0.9141950846807053|0.9198258592657846|0.9290520845482882|0.9198501697958332|0.9231388362031004,0.3561644|0.33333334|0.33789954|0.3561644|0.44748858|0.53424656|0.56621003|0.5753425|0.56164384|0.57990867|0.5707763|0.56621003|0.5707763|0.5753425|0.6438356|0.5707763|0.6392694|0.57990867|0.6484018|0.58447486|0.5936073|0.5936073|0.6347032|0.58447486|0.58447486|0.58447486|0.58447486|0.6255708|0.6484018|0.6347032|0.6210046|0.63013697|0.60730594|0.6210046|0.6392694|0.6347032|0.60273975|0.6164383|0.60730594|0.60730594|0.63013697|0.6164383|0.6210046|0.6347032|0.60730594|0.6255708|0.6255708|0.6164383|0.6255708|0.5936073,14.81173300743103
1.7478260558489795|1.3231859833138173|1.1893497661912822|1.1212423637033053|1.08809400965634|1.0394240726619006|1.0219950724954474|1.0104144158428663|0.989089927172552|0.9989231944628502|0.9701439931512423|0.9725342673253795|0.9862177083481393|0.9730009706053016|0.9544122142878841|0.951684478755411|0.9393472350351343|0.9367064662175636|0.9392983657584343|0.9410642233069084|0.9279977845274694|0.9286330802255569|0.9307288236269667|0.9277456291190022|0.9276030852914401|0.932812898126367|0.9290436038143559|0.9369929822068236|0.9493281792287958|0.9237292144940868|0.9243935014559254|0.9361800450712578|0.9416971887083359|0.9354929918567884|0.924406465874415|0.9353961438348849|0.9302536624751679|0.9275904681584607|0.9452344560187701|0.9501509780753149|0.9486272247958946|0.9514801975798933|0.953852410185827|0.9426455818899145|0.9576261647760052|0.9373374061497379|0.9571218534147359|0.9448109614794657|0.9568774689278102|0.9498554631455304,0.51598173|0.51141554|0.5205479|0.51141554|0.5022831|0.5251142|0.51598173|0.5205479|0.58447486|0.6255708|0.6392694|0.5890411|0.6210046|0.5890411|0.60730594|0.6347032|0.6392694|0.5890411|0.5890411|0.6392694|0.6392694|0.6438356|0.6347032|0.6255708|0.63013697|0.6164383|0.63013697|0.60730594|0.60730594|0.60730594|0.6255708|0.60730594|0.58447486|0.5936073|0.61187214|0.5936073|0.5936073|0.58447486|0.5707763|0.56164384|0.5707763|0.56621003|0.55707765|0.5707763|0.56621003|0.5753425|0.56164384|0.5707763|0.543379|0.543379,15.709764242172241
